<?xml version='1.0' encoding='UTF-8'?>
<agent-input>
  <variables>
    <variable name='sharedLocation' value='/opt/IBM/IBMIMShared'/>
  </variables>
  <server>
    <repository location='/srv'/>
  </server>
  <profile id='IBM Collaborative Lifecycle Management' installLocation='/opt/IBM/JazzTeamServer'>
    <data key='eclipseLocation' value='/opt/IBM/JazzTeamServer'/>
    <data key='user.import.profile' value='false'/>
    <data key='cic.selector.os' value='linux'/>
    <data key='cic.selector.arch' value='x86_64'/>
    <data key='cic.selector.ws' value='gtk'/>
    <data key='user.com.ibm.team.install.prereq.timestamp' value='20150825-1131-35'/>
    <data key='user.com.ibm.team.install.jfs.migration-options.server-shortcut-key-prefix' value='JazzTeamServer'/>
    <data key='user.com.ibm.team.install.jfs.app.clmhelp.context-root' value='clmhelp'/>
    <data key='user.com.ibm.team.install.jfs.app.rtc.context-root' value='ccm'/>
    <data key='user.com.ibm.team.install.jfs.app.jazz.context-root' value='jts'/>
    <data key='user.com.ibm.team.install.jfs.app.rqm.context-root' value='qm'/>
    <data key='user.com.ibm.team.install.jfs.app.rdm.context-root' value='rm'/>
    <data key='user.com.ibm.team.install.jfs.appserver.noappserver.disable' value='false'/>
    <data key='user.com.ibm.team.install.jfs.appserver.tomcat.disable' value='true'/>
    <data key='user.JazzFoundationServer.NoAppServer.WebApps.InstallLocation' value='/opt/IBM/JazzTeamServer/server/webapps'/>
    <data key='user.com.ibm.team.install.jfs.appserver.user-override' value='true'/>
    <data key='cic.selector.nl' value='en'/>
  </profile>
  <install modify='false'>
    <!-- Change and Configuration Management 5.0.2 -->
    <offering profile='IBM Collaborative Lifecycle Management' id='com.ibm.team.install.jfs.app.rtc' version='5.0.2000.RTC-I20141031-0926-r502' features='jfs.base,db.derby,license,swg.tags,itlm,repotools,scripts,upgrade,server.conf,server.provision,tomcat.webapps,noappserver.webapps' installFixes='none'/>
    <!-- Jazz Team Server 5.0.2 -->
    <offering profile='IBM Collaborative Lifecycle Management' id='com.ibm.team.install.jfs.app.jts' version='5.0.2000.RJF-I20141028-1603-r502-' features='jfs.base,jazz,clmhelp,rcl' installFixes='none'/>
    <!-- Quality Management 5.0.2 -->
    <offering profile='IBM Collaborative Lifecycle Management' id='com.ibm.team.install.jfs.app.rqm' version='5.0.2000.RQM5_0_2-I20141031_1744' features='jfs.base,db.derby,license,repotools,scripts,upgrade,server.conf,server.provision,tomcat.webapps,noappserver.webapps,swg.tags,itlm' installFixes='none'/>
    <!-- Requirements Management 5.0.2 -->
    <offering profile='IBM Collaborative Lifecycle Management' id='com.ibm.team.install.jfs.app.rdm' version='5.0.2000.RDNG5_0_2-I20141028_1800' features='jfs.base,db.derby,license,upgrade,server.conf,server.provision,tomcat.webapps,noappserver.webapps,swg.tags,itlm,repotools,scripts' installFixes='none'/>
    <!-- Trial keys for Collaborative Lifecycle Management Products 5.0.2 -->
    <offering profile='IBM Collaborative Lifecycle Management' id='com.ibm.team.install.jfs.app.product-clm' version='5.0.2000.CALM502-I20141031-1820-r502' features='server.conf,server.provision,require.jts' installFixes='none'/>
  </install>
  <preference name='com.ibm.cic.common.core.preferences.eclipseCache' value='${sharedLocation}'/>
  <preference name='com.ibm.cic.common.core.preferences.connectTimeout' value='30'/>
  <preference name='com.ibm.cic.common.core.preferences.readTimeout' value='45'/>
  <preference name='com.ibm.cic.common.core.preferences.downloadAutoRetryCount' value='0'/>
  <preference name='offering.service.repositories.areUsed' value='false'/>
  <preference name='com.ibm.cic.common.core.preferences.ssl.nonsecureMode' value='false'/>
  <preference name='com.ibm.cic.common.core.preferences.http.disablePreemptiveAuthentication' value='false'/>
  <preference name='http.ntlm.auth.kind' value='NTLM'/>
  <preference name='http.ntlm.auth.enableIntegrated.win32' value='true'/>
  <preference name='com.ibm.cic.common.core.preferences.preserveDownloadedArtifacts' value='true'/>
  <preference name='com.ibm.cic.common.core.preferences.keepFetchedFiles' value='false'/>
  <preference name='PassportAdvantageIsEnabled' value='false'/>
  <preference name='com.ibm.cic.common.core.preferences.searchForUpdates' value='false'/>
  <preference name='com.ibm.cic.agent.ui.displayInternalVersion' value='false'/>
  <preference name='com.ibm.cic.common.sharedUI.showErrorLog' value='true'/>
  <preference name='com.ibm.cic.common.sharedUI.showWarningLog' value='true'/>
  <preference name='com.ibm.cic.common.sharedUI.showNoteLog' value='true'/>
</agent-input>
